<?xml version="1.0" ?>
<LOG_ROOT>
	<PROJECT NAME="Processor">
		<CBX_INST_ENTRY INSTANCE_NAME="|TopLevelProcessor|InstructionAddressGenerator:IAG|Adder:inst1|lpm_add_sub:lpm_add_sub_component" CBX_FILE_NAME="add_sub_rlh.tdf"/>
		<CBX_INST_ENTRY INSTANCE_NAME="|TopLevelProcessor|MemoryInterface:MEM|Const:inst3|lpm_constant:lpm_constant_component" CBX_FILE_NAME="lpm_constant_ak6.tdf"/>
		<CBX_INST_ENTRY INSTANCE_NAME="|TopLevelProcessor|MemoryInterface:MEM|MainMemory:inst|altsyncram:altsyncram_component" CBX_FILE_NAME="altsyncram_4jg1.tdf"/>
		<CBX_INST_ENTRY INSTANCE_NAME="|TopLevelProcessor|Controlunit:CU|lpm_divide:Mod0" CBX_FILE_NAME="lpm_divide_qlo.tdf"/>
		<CBX_INST_ENTRY INSTANCE_NAME="|TopLevelProcessor|InstructionAddressGenerator:IAG|Const:inst5|lpm_constant:lpm_constant_component" CBX_FILE_NAME="lpm_constant_ak6.tdf"/>
		<CBX_INST_ENTRY INSTANCE_NAME="|TopLevelProcessor|InstructionAddressGenerator:IAG|MuxINC:inst|LPM_MUX:lpm_mux_component" CBX_FILE_NAME="mux_m4e.tdf"/>
		<CBX_INST_ENTRY INSTANCE_NAME="|TopLevelProcessor|InstructionAddressGenerator:IAG|MuxPC:inst3|LPM_MUX:lpm_mux_component" CBX_FILE_NAME="mux_m4e.tdf"/>
	</PROJECT>
</LOG_ROOT>
